{
"__comment":"Made by Know2Good, part of the 'Default 3D' resource pack || Official download page: http://www.planetminecraft.com/texture_pack/default-3d-2985741/ || © Know2Good. All rights reserved. ",
    "variants": {
        "normal": [
			{ "model": "oak_planks", "weight": 590 },
			{ "model": "oak_planks_alt1", "weight": 600 },
			{ "model": "oak_planks_alt2", "weight": 600 },
			{ "model": "oak_planks_alt3", "weight": 600 },
			{ "model": "oak_planks_alt4", "weight": 600 },
			{ "model": "oak_planks_alt5", "weight": 600 },
			
			{ "model": "oak_planks_alt6", "weight": 600 },
			{ "model": "oak_planks_alt7", "weight": 600 },
			{ "model": "oak_planks_alt8", "weight": 600 },
			{ "model": "oak_planks_alt9", "weight": 600 },
			{ "model": "oak_planks_alt10", "weight": 600 },
			{ "model": "oak_planks_alt11", "weight": 600 },
			
			{ "model": "oak_planks_alt12", "weight": 600 },
			{ "model": "oak_planks_alt13", "weight": 600 },
			{ "model": "oak_planks_alt14", "weight": 600 },
			{ "model": "oak_planks_alt15", "weight": 600 },
			{ "model": "oak_planks_alt16", "weight": 600 },
			{ "model": "oak_planks_alt17", "weight": 600 },
			
			{ "model": "oak_planks_alt18", "weight": 600 },
			{ "model": "oak_planks_alt19", "weight": 600 },
			{ "model": "oak_planks_alt20", "weight": 600 },
			{ "model": "oak_planks_alt21", "weight": 600 },
			{ "model": "oak_planks_alt22", "weight": 600 },
			{ "model": "oak_planks_alt23", "weight": 600 }
        ]
    }
}
